country_iso,country_name,year,mortality_1t4,mortality_1t4_low,mortality_1t4_high,mortality_5t14,mortality_5t14_low,mortality_5t14_high,refugees_origin,asylum_seekers_origin,idps,refugees_hosted,total_displaced,gdp_per_capita,unemployment_rate,inflation_cpi,log_total_displaced,region
AFG,Afghanistan,2010,11.96,10.87,13.11,9.22,7.55,11.61,3054699.00,37101.00,351907.00,6434.00,3443707.00,560.62,7.81,2.18,15.05,South Asia
AFG,Afghanistan,2011,11.15,10.07,12.27,8.80,7.27,10.79,2664423.00,39199.00,447547.00,3011.00,3151169.00,606.69,7.83,11.80,14.96,South Asia
AFG,Afghanistan,2012,10.38,9.33,11.49,8.28,6.87,9.96,2586132.00,62304.00,486298.00,16184.00,3134734.00,651.42,7.88,6.44,14.96,South Asia
AFG,Afghanistan,2013,9.67,8.64,10.79,8.58,7.04,10.39,2556483.00,75284.00,631286.00,16861.00,3263053.00,637.09,7.92,7.39,15.00,South Asia
AFG,Afghanistan,2014,9.04,8.02,10.16,8.59,6.79,10.71,2596259.00,85407.00,805409.00,300421.00,3487075.00,625.05,7.92,4.67,15.06,South Asia
AFG,Afghanistan,2015,8.44,7.43,9.56,8.81,6.71,11.24,2666294.00,258862.00,1174306.00,257553.00,4099462.00,565.57,9.03,-0.66,15.23,South Asia
AFG,Afghanistan,2016,7.91,6.87,9.07,8.72,6.61,11.19,2501447.00,369072.00,1797551.00,59770.00,4668070.00,522.08,10.12,4.38,15.36,South Asia
AFG,Afghanistan,2017,7.43,6.34,8.63,6.94,5.29,8.92,2624265.00,333986.00,1837079.00,75927.00,4795330.00,525.47,11.18,4.98,15.38,South Asia
AFG,Afghanistan,2018,6.95,5.82,8.22,7.15,5.53,9.16,2681267.00,310107.00,2106893.00,72228.00,5098267.00,491.34,11.19,0.63,15.44,South Asia
AFG,Afghanistan,2019,6.52,5.34,7.85,7.49,5.72,9.65,2727556.00,251047.00,2553390.00,72227.00,5531993.00,496.60,11.19,2.30,15.53,South Asia
AFG,Afghanistan,2020,6.14,4.93,7.56,8.78,6.39,11.63,2594827.00,238791.00,2886317.00,72278.00,5719935.00,510.79,11.71,5.60,15.56,South Asia
AFG,Afghanistan,2021,5.79,4.56,7.32,9.49,6.40,13.30,2712869.00,262860.00,3457744.00,66949.00,6433473.00,356.50,12.01,5.13,15.68,South Asia
AFG,Afghanistan,2022,5.48,4.23,7.11,8.88,5.56,13.62,5661675.00,294493.00,3254002.00,52159.00,9210170.00,357.26,14.10,13.71,16.04,South Asia
AZE,Azerbaijan,2010,8.31,6.78,10.08,3.17,3.07,3.27,16756.00,2072.00,592860.00,1894.00,611688.00,5843.53,5.63,5.73,13.32,Europe & Central Asia
AZE,Azerbaijan,2011,7.99,6.47,9.80,3.03,2.93,3.12,16168.00,2188.00,599192.00,1727.00,617548.00,7189.82,5.42,7.86,13.33,Europe & Central Asia
AZE,Azerbaijan,2012,7.71,6.17,9.55,2.93,2.84,3.02,15541.00,2187.00,600336.00,1467.00,618064.00,7495.87,5.19,1.07,13.33,Europe & Central Asia
AZE,Azerbaijan,2013,7.43,5.92,9.26,2.88,2.79,2.97,10808.00,3613.00,609029.00,1377.00,623450.00,7875.35,4.97,2.42,13.34,Europe & Central Asia
AZE,Azerbaijan,2014,7.19,5.68,9.03,2.86,2.77,2.94,10508.00,4391.00,622892.00,1298.00,637791.00,7890.84,4.91,1.37,13.37,Europe & Central Asia
AZE,Azerbaijan,2015,6.97,5.47,8.84,2.86,2.77,2.94,9707.00,5212.00,618220.00,1279.00,633139.00,5500.50,4.96,4.03,13.36,Europe & Central Asia
AZE,Azerbaijan,2016,6.79,5.28,8.70,2.87,2.78,2.96,10118.00,8098.00,613129.00,1193.00,631345.00,3880.69,5.00,12.44,13.36,Europe & Central Asia
AZE,Azerbaijan,2017,6.61,5.07,8.57,2.88,2.80,2.97,10893.00,9541.00,612785.00,1120.00,633219.00,4147.20,5.00,12.94,13.36,Europe & Central Asia
AZE,Azerbaijan,2018,6.42,4.87,8.46,2.90,2.81,3.00,11246.00,9318.00,620423.00,1130.00,640987.00,4739.79,4.90,2.27,13.37,Europe & Central Asia
AZE,Azerbaijan,2019,6.24,4.67,8.38,2.92,2.82,3.02,11626.00,8232.00,652326.00,1109.00,672184.00,4805.75,5.00,2.61,13.42,Europe & Central Asia
AZE,Azerbaijan,2020,6.08,4.44,8.34,3.29,3.18,3.41,101468.00,6425.00,653921.00,1572.00,761814.00,4229.91,7.24,2.76,13.54,Europe & Central Asia
AZE,Azerbaijan,2021,5.93,4.24,8.34,2.98,2.88,3.09,39478.00,5235.00,654839.00,1676.00,699552.00,5408.05,6.04,6.65,13.46,Europe & Central Asia
AZE,Azerbaijan,2022,5.77,4.00,8.40,3.03,2.90,3.16,42013.00,5726.00,658793.00,6414.00,706532.00,7770.59,5.65,13.85,13.47,Europe & Central Asia
BDI,Burundi,2010,37.14,31.77,43.55,24.21,19.38,30.05,84053.00,7494.00,157167.00,29364.00,248714.00,216.73,1.61,6.49,12.42,Sub-Saharan Africa
BDI,Burundi,2011,34.51,29.17,40.95,23.21,18.51,28.95,101282.00,9495.00,78796.00,35658.00,189573.00,230.07,1.60,9.59,12.15,Sub-Saharan Africa
BDI,Burundi,2012,32.06,26.49,38.86,22.47,17.86,28.25,73354.00,12957.00,78948.00,41811.00,165259.00,231.10,1.59,18.16,12.02,Sub-Saharan Africa
BDI,Burundi,2013,29.86,23.96,37.17,22.00,17.33,27.90,72636.00,14396.00,78948.00,45487.00,165980.00,234.84,1.58,7.94,12.02,Sub-Saharan Africa
BDI,Burundi,2014,27.87,21.58,35.89,21.67,16.75,28.10,72477.00,19357.00,78948.00,52931.00,170782.00,250.54,1.57,4.41,12.05,Sub-Saharan Africa
BDI,Burundi,2015,26.19,19.66,34.83,21.38,16.05,28.83,292750.00,26856.00,25000.00,53356.00,344606.00,254.40,1.45,5.54,12.75,Sub-Saharan Africa
BDI,Burundi,2016,24.69,17.90,33.86,21.07,15.18,29.98,408066.00,24395.00,141221.00,57462.00,573682.00,232.94,1.35,5.56,13.26,Sub-Saharan Africa
BDI,Burundi,2017,23.41,16.42,33.25,20.70,14.27,31.17,439320.00,60433.00,57258.00,62353.00,557011.00,246.06,1.25,16.05,13.23,Sub-Saharan Africa
BDI,Burundi,2018,22.30,15.09,32.74,20.34,13.35,32.27,387850.00,53360.00,31909.00,71501.00,473119.00,245.66,1.15,-2.81,13.07,Sub-Saharan Africa
BDI,Burundi,2019,21.26,13.90,32.21,19.88,12.54,33.27,380900.00,53166.00,33256.00,78465.00,467322.00,234.31,1.04,-0.69,13.05,Sub-Saharan Africa
BDI,Burundi,2020,20.36,12.75,31.78,19.37,11.72,34.23,372951.00,50227.00,21863.00,75461.00,445041.00,255.83,1.03,7.32,13.01,Sub-Saharan Africa
BDI,Burundi,2021,19.43,11.74,31.39,18.88,10.95,34.94,323635.00,52171.00,19176.00,81491.00,394982.00,264.98,1.12,8.40,12.89,Sub-Saharan Africa
BDI,Burundi,2022,18.59,10.93,31.05,18.40,10.28,35.96,320536.00,56399.00,8495.00,84636.00,385430.00,302.99,0.91,18.80,12.86,Sub-Saharan Africa
BFA,Burkina Faso,2010,59.17,52.63,66.28,20.25,16.59,24.72,1141.00,499.00,0.00,530.00,1640.00,624.96,3.73,-0.76,7.40,Sub-Saharan Africa
BFA,Burkina Faso,2011,56.37,49.61,63.74,18.86,15.27,23.40,1262.00,337.00,0.00,549.00,1599.00,725.02,3.83,2.76,7.38,Sub-Saharan Africa
BFA,Burkina Faso,2012,53.85,46.80,61.77,17.53,14.01,22.08,1458.00,504.00,0.00,39304.00,1962.00,731.47,3.85,3.82,7.58,Sub-Saharan Africa
BFA,Burkina Faso,2013,51.47,44.03,60.14,16.25,12.83,20.90,1578.00,937.00,0.00,29233.00,2515.00,759.76,4.05,0.53,7.83,Sub-Saharan Africa
BFA,Burkina Faso,2014,49.19,41.34,58.89,15.07,11.76,19.80,1853.00,1566.00,0.00,31894.00,3419.00,764.86,4.25,-0.26,8.14,Sub-Saharan Africa
BFA,Burkina Faso,2015,47.09,38.66,57.86,13.94,10.73,18.83,2147.00,2691.00,0.00,34017.00,4838.00,630.12,4.47,0.72,8.48,Sub-Saharan Africa
BFA,Burkina Faso,2016,45.18,36.15,56.91,12.86,9.77,17.75,2352.00,4195.00,0.00,32551.00,6547.00,663.74,4.60,0.44,8.79,Sub-Saharan Africa
BFA,Burkina Faso,2017,43.28,33.75,56.05,11.85,8.91,16.89,2694.00,5557.00,2350.00,24152.00,10601.00,709.09,4.66,1.48,9.27,Sub-Saharan Africa
BFA,Burkina Faso,2018,41.51,31.41,55.52,10.91,8.04,16.19,11447.00,4949.00,47030.00,25120.00,63426.00,777.47,4.70,1.96,11.06,Sub-Saharan Africa
BFA,Burkina Faso,2019,39.85,29.14,54.86,10.08,7.23,15.44,11733.00,4996.00,560033.00,25869.00,576762.00,764.85,4.49,-3.23,13.27,Sub-Saharan Africa
BFA,Burkina Faso,2020,38.25,27.04,54.26,9.37,6.50,14.90,15694.00,5110.00,1074993.00,20252.00,1095797.00,825.24,4.59,1.88,13.91,Sub-Saharan Africa
BFA,Burkina Faso,2021,36.75,25.12,54.08,8.79,5.87,14.41,20209.00,5585.00,1579976.00,25010.00,1605770.00,895.54,4.51,3.65,14.29,Sub-Saharan Africa
BFA,Burkina Faso,2022,35.36,23.32,54.00,8.35,5.37,14.11,33318.00,32160.00,1882391.00,34375.00,1947869.00,827.33,3.83,14.29,14.48,Sub-Saharan Africa
CAF,Central African Republic,2010,68.29,59.37,78.55,39.13,30.34,54.61,164902.00,1504.00,192529.00,21568.00,358935.00,476.87,5.66,1.49,12.79,Sub-Saharan Africa
CAF,Central African Republic,2011,51.34,44.49,59.25,32.15,24.84,44.56,162861.00,1793.00,105206.00,16737.00,269860.00,534.06,5.64,1.19,12.51,Sub-Saharan Africa
CAF,Central African Republic,2012,49.60,42.70,57.54,27.79,21.34,38.00,164567.00,1899.00,51679.00,14015.00,218145.00,544.40,5.58,5.48,12.29,Sub-Saharan Africa
CAF,Central African Republic,2013,57.87,49.50,67.51,34.48,26.37,46.71,252854.00,7459.00,894421.00,14323.00,1154734.00,364.37,5.57,6.99,13.96,Sub-Saharan Africa
CAF,Central African Republic,2014,94.82,80.30,111.87,61.36,46.85,83.01,412028.00,14361.00,438538.00,7692.00,864927.00,409.85,5.63,14.90,13.67,Sub-Saharan Africa
CAF,Central African Republic,2015,44.94,37.97,53.22,31.07,23.49,42.32,471093.00,10634.00,216392.00,7332.00,698119.00,366.32,5.78,1.40,13.46,Sub-Saharan Africa
CAF,Central African Republic,2016,53.85,44.97,64.45,33.47,25.00,46.34,490879.00,10603.00,411785.00,12117.00,913267.00,387.18,5.79,4.95,13.72,Sub-Saharan Africa
CAF,Central African Republic,2017,73.28,60.40,89.07,47.91,34.81,67.71,545513.00,12997.00,688700.00,10033.00,1247210.00,432.32,5.84,4.18,14.04,Sub-Saharan Africa
CAF,Central African Republic,2018,50.03,40.90,61.35,31.33,22.06,45.37,590858.00,17278.00,640970.00,6652.00,1249106.00,455.24,5.83,1.61,14.04,Sub-Saharan Africa
CAF,Central African Republic,2019,144.37,115.19,182.49,100.75,68.58,150.14,610152.00,15935.00,669906.00,7170.00,1295993.00,449.23,5.92,2.69,14.07,Sub-Saharan Africa
CAF,Central African Republic,2020,53.46,42.42,67.96,34.87,22.94,53.51,642161.00,13458.00,681930.00,9083.00,1337549.00,462.88,6.52,1.71,14.11,Sub-Saharan Africa
CAF,Central African Republic,2021,91.17,70.53,119.55,63.18,40.11,99.63,737658.00,14283.00,691791.00,9305.00,1443732.00,492.26,6.70,4.26,14.18,Sub-Saharan Africa
CAF,Central African Republic,2022,274.58,200.24,388.37,201.54,123.66,325.83,748327.00,14291.00,515665.00,11213.00,1278283.00,467.36,6.29,5.58,14.06,Sub-Saharan Africa
CIV,Côte d'Ivoire,2010,35.58,32.31,39.12,21.61,18.55,25.41,41747.00,6014.00,514515.00,26213.00,562276.00,1553.55,6.61,1.23,13.24,Sub-Saharan Africa
CIV,Côte d'Ivoire,2011,34.16,30.91,37.63,21.25,18.19,25.08,154818.00,18197.00,126668.00,24212.00,299683.00,1596.63,7.14,4.91,12.61,Sub-Saharan Africa
CIV,Côte d'Ivoire,2012,32.97,29.75,36.45,20.86,17.78,24.74,100709.00,11192.00,45000.00,3972.00,156901.00,1546.95,7.22,1.30,11.96,Sub-Saharan Africa
CIV,Côte d'Ivoire,2013,31.59,28.42,35.02,20.43,17.33,24.22,85650.00,10985.00,24000.00,2970.00,120635.00,1786.16,4.25,2.58,11.70,Sub-Saharan Africa
CIV,Côte d'Ivoire,2014,30.13,27.02,33.51,19.95,16.80,23.69,71956.00,13404.00,24000.00,1918.00,109360.00,1991.37,3.27,0.45,11.60,Sub-Saharan Africa
CIV,Côte d'Ivoire,2015,28.78,25.77,32.20,19.47,16.23,23.23,71107.00,13752.00,308272.00,1972.00,393131.00,1814.72,2.57,1.25,12.88,Sub-Saharan Africa
CIV,Côte d'Ivoire,2016,27.69,24.64,31.13,18.96,15.56,22.84,46811.00,18628.00,0.00,1397.00,65439.00,1862.60,1.90,0.72,11.09,Sub-Saharan Africa
CIV,Côte d'Ivoire,2017,26.81,23.69,30.42,18.41,14.89,22.51,40009.00,26535.00,0.00,1559.00,66544.00,1964.30,3.27,0.69,11.11,Sub-Saharan Africa
CIV,Côte d'Ivoire,2018,25.73,22.48,29.50,17.91,14.12,22.21,38316.00,22855.00,0.00,1808.00,61171.00,2130.87,2.85,0.40,11.02,Sub-Saharan Africa
CIV,Côte d'Ivoire,2019,24.78,21.35,28.81,17.43,13.31,22.01,39351.00,19881.00,0.00,2020.00,59232.00,2141.77,2.40,0.79,10.99,Sub-Saharan Africa
CIV,Côte d'Ivoire,2020,23.95,20.34,28.29,16.94,12.46,21.77,37525.00,34216.00,5394.00,2086.00,77135.00,2179.73,2.59,2.41,11.25,Sub-Saharan Africa
CIV,Côte d'Ivoire,2021,23.20,19.41,27.86,16.50,11.68,21.57,39940.00,32608.00,0.00,4349.00,72548.00,2455.98,2.62,4.16,11.19,Sub-Saharan Africa
CIV,Côte d'Ivoire,2022,22.31,18.24,27.27,16.05,10.97,21.43,25103.00,22037.00,0.00,5636.00,47140.00,2333.37,2.31,5.23,10.76,Sub-Saharan Africa
CMR,Cameroon,2010,48.71,44.00,54.07,25.74,22.39,29.57,14952.00,2077.00,0.00,104269.00,17029.00,1398.59,4.11,1.28,9.74,Sub-Saharan Africa
CMR,Cameroon,2011,46.18,41.68,51.31,25.20,21.73,29.12,15149.00,2480.00,0.00,100368.00,17629.00,1513.96,3.99,2.94,9.78,Sub-Saharan Africa
CMR,Cameroon,2012,43.77,39.38,48.67,24.69,21.04,28.76,13360.00,3380.00,0.00,98961.00,16740.00,1449.10,3.84,2.74,9.73,Sub-Saharan Africa
CMR,Cameroon,2013,41.55,37.29,46.32,24.18,20.27,28.44,11410.00,4215.00,0.00,114744.00,15625.00,1575.93,3.69,2.05,9.66,Sub-Saharan Africa
CMR,Cameroon,2014,39.21,35.13,43.94,23.62,19.45,28.17,10739.00,5013.00,0.00,264122.00,15752.00,1649.44,3.53,1.85,9.66,Sub-Saharan Africa
CMR,Cameroon,2015,37.23,33.21,41.95,23.09,18.55,27.95,10565.00,7357.00,92657.00,342970.00,110579.00,1415.00,3.52,2.68,11.61,Sub-Saharan Africa
CMR,Cameroon,2016,35.48,31.43,40.37,22.59,17.67,27.76,10344.00,10943.00,198889.00,375413.00,220176.00,1441.72,3.53,0.87,12.30,Sub-Saharan Africa
CMR,Cameroon,2017,33.91,29.58,39.20,22.08,16.76,27.62,11032.00,24607.00,221695.00,337382.00,257334.00,1496.09,3.57,0.64,12.46,Sub-Saharan Africa
CMR,Cameroon,2018,32.46,27.69,38.32,21.60,15.92,27.43,45118.00,18638.00,668494.00,380327.00,732250.00,1610.70,3.61,1.07,13.50,Sub-Saharan Africa
CMR,Cameroon,2019,31.20,25.90,37.71,21.09,15.13,27.28,66241.00,21865.00,950263.00,406259.00,1038369.00,1555.23,3.63,2.45,13.85,Sub-Saharan Africa
CMR,Cameroon,2020,30.18,24.22,37.49,20.56,14.35,27.27,78481.00,23013.00,1032942.00,436396.00,1134436.00,1555.60,3.88,2.44,13.94,Sub-Saharan Africa
CMR,Cameroon,2021,29.10,22.61,37.26,19.98,13.58,27.25,125477.00,22151.00,933138.00,457269.00,1080766.00,1672.33,3.98,2.27,13.89,Sub-Saharan Africa
CMR,Cameroon,2022,27.88,20.98,36.68,19.43,12.86,27.35,147359.00,21927.00,989079.00,473887.00,1158365.00,1604.88,3.65,6.25,13.96,Sub-Saharan Africa
COD,Democratic Republic of the Congo,2010,44.54,38.95,50.74,24.50,21.31,28.14,476691.00,43082.00,1721382.00,166333.00,2241155.00,352.40,4.10,7.10,14.62,Sub-Saharan Africa
COD,Democratic Republic of the Congo,2011,42.89,37.28,49.10,23.93,20.78,27.52,491470.00,52315.00,1709278.00,152748.00,2253063.00,372.51,4.32,15.32,14.63,Sub-Saharan Africa
COD,Democratic Republic of the Congo,2012,41.55,36.02,47.75,23.38,20.27,26.92,509275.00,58670.00,2669069.00,65106.00,3237014.00,409.93,4.49,9.72,14.99,Sub-Saharan Africa
COD,Democratic Republic of the Congo,2013,40.48,34.96,46.63,22.84,19.75,26.33,499551.00,65353.00,2963799.00,113357.00,3528703.00,460.37,4.47,0.81,15.08,Sub-Saharan Africa
COD,Democratic Republic of the Congo,2014,39.61,34.16,45.69,22.31,19.24,25.89,516765.00,67339.00,2756585.00,119752.00,3340689.00,489.18,4.44,1.24,15.02,Sub-Saharan Africa
COD,Democratic Republic of the Congo,2015,38.96,33.58,44.97,21.79,18.63,25.42,541487.00,76029.00,1555112.00,383095.00,2172628.00,495.83,4.44,0.74,14.59,Sub-Saharan Africa
COD,Democratic Republic of the Congo,2016,38.52,33.21,44.56,21.29,18.06,24.99,537474.00,82709.00,2232900.00,451957.00,2853083.00,459.77,4.53,2.89,14.86,Sub-Saharan Africa
COD,Democratic Republic of the Congo,2017,38.20,32.92,44.30,20.78,17.46,24.60,620805.00,136152.00,4351376.00,537089.00,5108333.00,431.05,4.61,2.89,15.45,Sub-Saharan Africa
COD,Democratic Republic of the Congo,2018,37.99,32.68,44.24,20.31,16.85,24.26,720302.00,133422.00,4516866.00,529065.00,5370590.00,518.17,4.63,2.89,15.50,Sub-Saharan Africa
COD,Democratic Republic of the Congo,2019,37.88,32.31,44.48,19.85,16.23,24.00,802974.00,145502.00,5014253.00,523733.00,5962729.00,504.00,4.61,2.89,15.60,Sub-Saharan Africa
COD,Democratic Republic of the Congo,2020,37.73,31.78,44.89,19.42,15.62,23.74,840392.00,145372.00,5198131.00,490243.00,6183895.00,486.43,5.36,2.89,15.64,Sub-Saharan Africa
COD,Democratic Republic of the Congo,2021,37.46,31.03,45.57,19.01,15.01,23.57,908401.00,148099.00,5407840.00,524148.00,6464340.00,595.74,5.29,2.89,15.68,Sub-Saharan Africa
COD,Democratic Republic of the Congo,2022,36.99,30.07,46.03,18.62,14.39,23.36,931903.00,135099.00,5541021.00,520544.00,6608023.00,687.74,4.54,2.89,15.70,Sub-Saharan Africa
COL,Colombia,2010,2.06,1.79,2.36,3.04,2.99,3.10,395579.00,60336.00,3672054.00,198.00,4127969.00,6398.30,11.15,2.27,15.23,Latin America & Caribbean
COL,Colombia,2011,1.95,1.67,2.26,2.98,2.92,3.03,395950.00,42586.00,3888309.00,208.00,4326845.00,7400.99,10.29,3.42,15.28,Latin America & Caribbean
COL,Colombia,2012,1.84,1.55,2.17,2.91,2.86,2.97,394112.00,18635.00,3943509.00,204.00,4356256.00,8108.60,9.96,3.17,15.29,Latin America & Caribbean
COL,Colombia,2013,1.74,1.44,2.09,2.85,2.80,2.91,396711.00,15638.00,5368138.00,207.00,5780487.00,8279.10,9.25,2.02,15.57,Latin America & Caribbean
COL,Colombia,2014,1.66,1.35,2.03,2.80,2.75,2.86,360291.00,4713.00,6044151.00,198.00,6409155.00,8187.21,8.80,2.90,15.67,Latin America & Caribbean
COL,Colombia,2015,1.58,1.26,1.98,2.76,2.71,2.81,340116.00,6879.00,6939067.00,212.00,7286062.00,6248.51,8.57,4.99,15.80,Latin America & Caribbean
COL,Colombia,2016,1.51,1.17,1.94,2.72,2.67,2.77,311059.00,12581.00,7410816.00,241.00,7734456.00,5959.84,8.92,7.51,15.86,Latin America & Caribbean
COL,Colombia,2017,1.44,1.09,1.90,2.68,2.63,2.73,191635.00,32478.00,7677609.00,260.00,7901722.00,6479.53,9.09,4.31,15.88,Latin America & Caribbean
COL,Colombia,2018,1.37,1.01,1.87,2.64,2.59,2.69,138583.00,45674.00,7816473.00,294.00,8000730.00,6816.97,9.36,3.24,15.90,Latin America & Caribbean
COL,Colombia,2019,1.31,0.94,1.85,2.61,2.56,2.66,189254.00,75548.00,7976412.00,634.00,8241214.00,6472.55,10.28,3.52,15.92,Latin America & Caribbean
COL,Colombia,2020,1.25,0.87,1.82,2.58,2.53,2.63,189866.00,70917.00,8252788.00,957.00,8513571.00,5339.69,15.98,2.53,15.96,Latin America & Caribbean
COL,Colombia,2021,1.20,0.80,1.80,2.56,2.51,2.61,115792.00,80705.00,6766002.00,1504.00,6962499.00,6222.62,13.90,3.50,15.76,Latin America & Caribbean
COL,Colombia,2022,1.15,0.75,1.79,2.53,2.48,2.58,109135.00,144210.00,6834492.00,1607.00,7087837.00,6680.45,10.54,10.18,15.77,Latin America & Caribbean
ERI,Eritrea,2010,18.46,15.22,22.36,9.45,6.11,15.51,222457.00,13569.00,0.00,4809.00,236026.00,539.70,5.85,,12.37,Sub-Saharan Africa
ERI,Eritrea,2011,17.49,14.01,21.85,9.01,5.68,15.52,251941.00,14598.00,0.00,4719.00,266539.00,688.68,5.80,,12.49,Sub-Saharan Africa
ERI,Eritrea,2012,16.65,12.92,21.51,8.63,5.28,15.58,285356.00,20544.00,0.00,3600.00,305900.00,688.68,5.69,,12.63,Sub-Saharan Africa
ERI,Eritrea,2013,15.87,11.90,21.32,8.28,4.94,15.65,308210.00,28924.00,0.00,3166.00,337134.00,688.68,5.62,,12.73,Sub-Saharan Africa
ERI,Eritrea,2014,15.18,10.94,21.12,7.97,4.64,15.68,363081.00,53650.00,0.00,2898.00,416731.00,688.68,5.64,,12.94,Sub-Saharan Africa
ERI,Eritrea,2015,14.48,10.04,21.04,7.69,4.38,15.70,407428.00,62088.00,0.00,2549.00,469516.00,688.68,5.75,,13.06,Sub-Saharan Africa
ERI,Eritrea,2016,13.83,9.29,20.90,7.45,4.09,15.64,457247.00,67694.00,0.00,2342.00,524941.00,688.68,5.77,,13.17,Sub-Saharan Africa
ERI,Eritrea,2017,13.26,8.59,20.73,7.24,3.86,15.61,486209.00,78308.00,0.00,2392.00,564517.00,688.68,5.80,,13.24,Sub-Saharan Africa
ERI,Eritrea,2018,12.69,7.95,20.60,7.01,3.62,15.60,507260.00,78584.00,0.00,2252.00,585844.00,688.68,5.76,,13.28,Sub-Saharan Africa
ERI,Eritrea,2019,12.16,7.40,20.38,6.79,3.42,15.56,504300.00,72164.00,0.00,199.00,576464.00,688.68,5.81,,13.26,Sub-Saharan Africa
ERI,Eritrea,2020,11.62,6.91,20.18,6.59,3.23,15.45,524738.00,72942.00,0.00,201.00,597680.00,688.68,6.38,,13.30,Sub-Saharan Africa
ERI,Eritrea,2021,11.13,6.45,19.91,6.40,3.06,15.45,511911.00,77188.00,0.00,121.00,589099.00,688.68,6.49,,13.29,Sub-Saharan Africa
ERI,Eritrea,2022,10.67,6.01,19.63,6.23,2.88,15.48,508291.00,79010.00,0.00,119.00,587301.00,688.68,6.03,,13.28,Sub-Saharan Africa
ETH,Ethiopia,2010,24.96,22.81,27.32,18.28,15.40,21.58,68838.00,48883.00,0.00,154288.00,117721.00,330.62,2.29,8.15,11.68,Sub-Saharan Africa
ETH,Ethiopia,2011,23.17,21.13,25.45,16.60,13.71,19.93,70601.00,38827.00,0.00,288839.00,109428.00,343.02,2.27,33.25,11.60,Sub-Saharan Africa
ETH,Ethiopia,2012,21.55,19.54,23.76,15.09,12.21,18.47,74964.00,41902.00,0.00,376388.00,116866.00,452.10,2.25,23.60,11.67,Sub-Saharan Africa
ETH,Ethiopia,2013,20.05,18.05,22.25,13.68,10.79,17.20,77109.00,49315.00,0.00,433933.00,126424.00,484.04,2.25,7.46,11.75,Sub-Saharan Africa
ETH,Ethiopia,2014,18.64,16.64,20.88,12.42,9.48,16.01,86857.00,61368.00,0.00,659520.00,148225.00,549.99,2.36,6.89,11.91,Sub-Saharan Africa
ETH,Ethiopia,2015,17.33,15.27,19.67,11.29,8.27,14.94,85839.00,76680.00,0.00,736081.00,162519.00,597.91,2.44,9.57,12.00,Sub-Saharan Africa
ETH,Ethiopia,2016,16.10,13.99,18.58,10.29,7.22,14.08,83958.00,78854.00,0.00,791631.00,162812.00,641.65,2.56,6.63,12.00,Sub-Saharan Africa
ETH,Ethiopia,2017,15.04,12.83,17.67,9.47,6.34,13.36,87448.00,133659.00,1078429.00,889412.00,1299536.00,696.35,2.67,10.69,14.08,Sub-Saharan Africa
ETH,Ethiopia,2018,14.11,11.80,16.92,8.83,5.66,12.78,92232.00,133254.00,2615800.00,903226.00,2841286.00,739.70,2.81,13.83,14.86,Sub-Saharan Africa
ETH,Ethiopia,2019,13.32,10.83,16.37,8.33,5.13,12.35,93467.00,135267.00,1733628.00,733123.00,1962362.00,793.47,2.93,15.81,14.49,Sub-Saharan Africa
ETH,Ethiopia,2020,12.61,9.94,15.93,8.98,5.34,13.67,151426.00,125072.00,2733628.00,800454.00,3010126.00,829.79,4.00,20.36,14.92,Sub-Saharan Africa
ETH,Ethiopia,2021,21.57,16.47,28.19,15.24,8.79,23.84,149130.00,139211.00,3646267.00,821283.00,3934608.00,893.01,3.94,26.84,15.19,Sub-Saharan Africa
ETH,Ethiopia,2022,20.74,15.30,28.07,14.74,8.17,23.76,149245.00,121362.00,2730000.00,879598.00,3000607.00,982.10,3.39,33.89,14.91,Sub-Saharan Africa
HND,Honduras,2010,4.42,3.92,5.00,5.13,4.24,6.11,1300.00,815.00,0.00,11.00,2115.00,1893.33,4.12,4.70,7.66,Latin America & Caribbean
HND,Honduras,2011,4.19,3.70,4.77,5.15,4.20,6.20,1967.00,847.00,0.00,16.00,2814.00,2073.66,4.47,6.76,7.94,Latin America & Caribbean
HND,Honduras,2012,3.98,3.48,4.57,5.16,4.14,6.30,2612.00,804.00,0.00,16.00,3416.00,2126.03,3.75,5.20,8.14,Latin America & Caribbean
HND,Honduras,2013,3.77,3.26,4.37,5.18,4.07,6.46,3299.00,5292.00,0.00,16.00,8591.00,2081.13,5.65,5.16,9.06,Latin America & Caribbean
HND,Honduras,2014,3.58,3.07,4.20,5.21,3.98,6.67,4157.00,10136.00,0.00,28.00,14293.00,2179.88,7.08,6.13,9.57,Latin America & Caribbean
HND,Honduras,2015,3.39,2.87,4.05,5.22,3.88,6.92,6847.00,19456.00,174000.00,28.00,200303.00,2271.20,6.15,3.16,12.21,Latin America & Caribbean
HND,Honduras,2016,3.22,2.69,3.89,5.23,3.77,7.23,10509.00,35198.00,174000.00,16.00,219707.00,2307.34,6.73,2.72,12.30,Latin America & Caribbean
HND,Honduras,2017,3.05,2.51,3.75,5.21,3.66,7.55,14424.00,59782.00,174000.00,27.00,248206.00,2413.01,5.53,3.93,12.42,Latin America & Caribbean
HND,Honduras,2018,2.90,2.36,3.62,5.17,3.53,7.87,18857.00,76526.00,174001.00,28.00,269384.00,2464.64,5.65,4.35,12.50,Latin America & Caribbean
HND,Honduras,2019,2.77,2.21,3.52,5.10,3.38,8.06,26351.00,122480.00,247090.00,75.00,395921.00,2502.33,5.70,4.37,12.89,Latin America & Caribbean
HND,Honduras,2020,2.65,2.07,3.44,5.01,3.23,8.20,34456.00,148935.00,247090.00,85.00,430481.00,2307.61,10.98,3.47,12.97,Latin America & Caribbean
HND,Honduras,2021,2.54,1.93,3.36,4.93,3.09,8.32,51687.00,169994.00,247090.00,144.00,468771.00,2735.15,8.51,4.48,13.06,Latin America & Caribbean
HND,Honduras,2022,2.43,1.80,3.30,4.82,2.93,8.43,64976.00,195584.00,247090.00,165.00,507650.00,3003.29,8.77,9.09,13.14,Latin America & Caribbean
IRQ,Iraq,2010,3.70,3.26,4.20,6.22,4.80,7.95,1683576.00,29939.00,1343568.00,34647.00,3057083.00,4461.75,8.27,2.88,14.93,Middle East & North Africa
IRQ,Iraq,2011,3.50,3.06,4.00,6.21,4.64,8.25,1428306.00,24485.00,1332382.00,35184.00,2785173.00,5775.54,8.19,5.80,14.84,Middle East & North Africa
IRQ,Iraq,2012,3.28,2.85,3.79,6.19,4.46,8.66,746204.00,24239.00,1131810.00,98818.00,1902253.00,6477.60,7.96,6.09,14.46,Middle East & North Africa
IRQ,Iraq,2013,3.10,2.66,3.61,6.13,4.30,9.11,401461.00,43145.00,954128.00,246294.00,1398734.00,6650.35,9.22,1.88,14.15,Middle East & North Africa
IRQ,Iraq,2014,2.92,2.47,3.45,6.04,4.13,9.50,369960.00,103724.00,3596356.00,271137.00,4070040.00,6249.39,10.59,2.24,15.22,Middle East & North Africa
IRQ,Iraq,2015,2.75,2.29,3.30,5.94,3.95,9.82,264086.00,237168.00,4403287.00,277702.00,4904541.00,4440.14,10.87,1.39,15.41,Middle East & North Africa
IRQ,Iraq,2016,2.59,2.11,3.17,5.82,3.78,10.07,316056.00,278367.00,3604285.00,261863.00,4198708.00,4334.42,10.82,0.56,15.25,Middle East & North Africa
IRQ,Iraq,2017,2.44,1.95,3.04,5.70,3.60,10.30,362536.00,272627.00,2615988.00,277668.00,3251151.00,4759.28,13.02,0.18,14.99,Middle East & North Africa
IRQ,Iraq,2018,2.31,1.81,2.93,5.57,3.42,10.37,372332.00,256716.00,1802832.00,283018.00,2431880.00,5646.69,13.46,0.37,14.70,Middle East & North Africa
IRQ,Iraq,2019,2.20,1.68,2.83,5.45,3.24,10.45,336274.00,302731.00,1414632.00,273986.00,2053637.00,5671.86,14.10,-0.20,14.54,Middle East & North Africa
IRQ,Iraq,2020,2.09,1.57,2.75,5.33,3.06,10.56,333200.00,272567.00,1224108.00,270377.00,1829875.00,4295.19,15.77,0.57,14.42,Middle East & North Africa
IRQ,Iraq,2021,1.99,1.46,2.69,5.21,2.90,10.62,343899.00,254454.00,1186556.00,280072.00,1784909.00,4868.49,16.17,6.04,14.39,Middle East & North Africa
IRQ,Iraq,2022,1.90,1.35,2.63,5.10,2.74,10.59,288261.00,228961.00,1168619.00,273716.00,1685841.00,6520.73,15.41,4.99,14.34,Middle East & North Africa
KEN,Kenya,2010,12.15,11.09,13.30,10.15,8.45,12.05,8585.00,1649.00,300000.00,402891.00,310234.00,1091.52,2.79,3.96,12.65,Sub-Saharan Africa
KEN,Kenya,2011,11.14,10.16,12.22,9.74,8.13,11.60,8731.00,1590.00,300000.00,566482.00,310321.00,1096.14,2.70,14.02,12.65,Sub-Saharan Africa
KEN,Kenya,2012,9.94,9.06,10.94,9.32,7.75,11.19,8946.00,1544.00,412000.00,564921.00,422490.00,1285.01,2.68,9.38,12.95,Sub-Saharan Africa
KEN,Kenya,2013,9.12,8.29,10.06,8.89,7.37,10.74,8580.00,2192.00,0.00,534935.00,10772.00,1370.88,2.76,5.72,9.28,Sub-Saharan Africa
KEN,Kenya,2014,8.62,7.82,9.52,8.41,6.90,10.27,8546.00,2925.00,0.00,551351.00,11471.00,1482.82,2.77,6.88,9.35,Sub-Saharan Africa
KEN,Kenya,2015,8.16,7.40,9.03,7.91,6.41,9.75,7902.00,3258.00,0.00,553907.00,11160.00,1489.12,2.76,6.58,9.32,Sub-Saharan Africa
KEN,Kenya,2016,7.31,6.62,8.11,7.41,5.89,9.22,7526.00,3556.00,0.00,451097.00,11082.00,1554.13,2.76,6.30,9.31,Sub-Saharan Africa
KEN,Kenya,2017,6.74,6.09,7.50,6.89,5.37,8.75,7567.00,5714.00,0.00,431895.00,13281.00,1667.48,3.54,8.01,9.49,Sub-Saharan Africa
KEN,Kenya,2018,6.44,5.80,7.19,6.39,4.85,8.32,7480.00,7287.00,0.00,421243.00,14767.00,1836.45,4.28,4.69,9.60,Sub-Saharan Africa
KEN,Kenya,2019,5.97,5.35,6.73,5.92,4.36,7.94,7705.00,7879.00,0.00,438899.00,15584.00,1960.41,5.01,5.24,9.65,Sub-Saharan Africa
KEN,Kenya,2020,5.77,5.10,6.58,5.50,3.87,7.66,7422.00,8959.00,0.00,452916.00,16381.00,1927.66,5.61,5.41,9.70,Sub-Saharan Africa
KEN,Kenya,2021,5.45,4.75,6.31,5.14,3.44,7.44,7529.00,9727.00,0.00,481048.00,17256.00,2061.36,5.69,6.11,9.76,Sub-Saharan Africa
KEN,Kenya,2022,5.26,4.47,6.19,4.83,3.07,7.26,7605.00,10209.00,0.00,504473.00,17814.00,2109.56,5.57,7.66,9.79,Sub-Saharan Africa
LBY,Libya,2010,3.63,3.25,4.08,3.43,1.82,6.88,2297.00,558.00,0.00,7922.00,2855.00,11600.91,19.32,2.80,7.96,Middle East & North Africa
LBY,Libya,2011,5.79,4.98,6.77,5.21,2.66,10.81,4372.00,1954.00,93565.00,10129.00,99891.00,7593.84,19.50,15.52,11.51,Middle East & North Africa
LBY,Libya,2012,3.24,2.67,3.93,3.25,1.60,7.00,5233.00,1894.00,59425.00,7065.00,66552.00,14975.89,19.03,6.06,11.11,Middle East & North Africa
LBY,Libya,2013,3.06,2.43,3.88,3.16,1.49,7.03,3298.00,2068.00,53579.00,25561.00,58945.00,11951.71,19.31,2.61,10.98,Middle East & North Africa
LBY,Libya,2014,2.91,2.21,3.83,3.60,1.66,8.27,4187.00,3886.00,363067.00,27964.00,371140.00,8926.42,19.30,2.43,12.82,Middle East & North Africa
LBY,Libya,2015,2.78,2.03,3.81,3.56,1.60,8.50,6077.00,6042.00,434869.00,9305.00,446988.00,7458.49,19.69,10.40,13.01,Middle East & North Africa
LBY,Libya,2016,2.65,1.87,3.78,3.50,1.53,8.61,8831.00,6521.00,174510.00,9311.00,189862.00,7525.80,19.56,25.85,12.15,Middle East & North Africa
LBY,Libya,2017,2.54,1.72,3.75,3.19,1.37,8.02,11205.00,6842.00,180937.00,9352.00,198984.00,9965.83,19.05,25.80,12.20,Middle East & North Africa
LBY,Libya,2018,2.43,1.59,3.72,2.74,1.14,7.13,13868.00,6786.00,170491.00,8792.00,191145.00,11196.59,18.86,13.17,12.16,Middle East & North Africa
LBY,Libya,2019,2.34,1.47,3.67,3.19,1.29,8.54,16033.00,5986.00,355672.00,4730.00,377691.00,9963.19,19.09,-2.16,12.84,Middle East & North Africa
LBY,Libya,2020,2.24,1.36,3.64,2.94,1.18,8.15,17523.00,5440.00,278177.00,4149.00,301140.00,6650.34,19.65,1.45,12.62,Middle East & North Africa
LBY,Libya,2021,2.14,1.27,3.60,2.52,0.98,6.99,19090.00,5717.00,179047.00,3141.00,203854.00,4935.83,19.78,2.87,12.23,Middle East & North Africa
LBY,Libya,2022,2.05,1.18,3.55,2.44,0.92,6.97,17854.00,6076.00,161613.00,2208.00,185543.00,5986.64,19.24,4.51,12.13,Middle East & North Africa
LKA,Sri Lanka,2010,2.07,2.02,2.11,3.42,3.35,3.50,141064.00,8588.00,273772.00,224.00,423424.00,2808.36,4.78,6.22,12.96,South Asia
LKA,Sri Lanka,2011,1.94,1.90,1.98,3.25,3.18,3.33,136602.00,10239.00,138401.00,187.00,285242.00,3224.96,4.12,6.72,12.56,South Asia
LKA,Sri Lanka,2012,1.80,1.76,1.83,3.03,2.96,3.09,132720.00,14018.00,93482.00,109.00,240220.00,3327.78,3.88,7.54,12.39,South Asia
LKA,Sri Lanka,2013,1.65,1.62,1.68,2.78,2.71,2.85,123074.00,16133.00,42191.00,143.00,181398.00,3739.43,4.19,6.91,12.11,South Asia
LKA,Sri Lanka,2014,1.51,1.48,1.54,2.56,2.49,2.63,121991.00,17211.00,30847.00,508.00,170049.00,3972.04,4.16,3.18,12.04,South Asia
LKA,Sri Lanka,2015,1.38,1.35,1.42,2.40,2.32,2.47,121427.00,14782.00,44934.00,781.00,181143.00,4057.72,4.52,3.77,12.11,South Asia
LKA,Sri Lanka,2016,1.27,1.23,1.31,2.27,2.19,2.35,117472.00,15462.00,39730.00,602.00,172664.00,4149.19,4.24,3.96,12.06,South Asia
LKA,Sri Lanka,2017,1.17,1.13,1.21,2.16,2.08,2.24,115632.00,18934.00,39322.00,820.00,173888.00,4398.89,4.05,7.70,12.07,South Asia
LKA,Sri Lanka,2018,1.08,1.04,1.12,2.06,1.99,2.14,113955.00,14517.00,35473.00,796.00,163945.00,4358.56,4.32,2.14,12.01,South Asia
LKA,Sri Lanka,2019,1.00,0.96,1.04,1.97,1.89,2.05,110341.00,16062.00,25110.00,1041.00,151513.00,4081.95,4.67,3.53,11.93,South Asia
LKA,Sri Lanka,2020,0.92,0.88,0.98,1.88,1.79,1.97,142664.00,15061.00,25013.00,1008.00,182738.00,3847.60,5.36,6.15,12.12,South Asia
LKA,Sri Lanka,2021,0.86,0.80,0.93,1.79,1.68,1.91,151112.00,12209.00,8767.00,907.00,172088.00,3996.96,4.98,7.01,12.06,South Asia
LKA,Sri Lanka,2022,0.81,0.72,0.90,1.71,1.56,1.88,148082.00,15169.00,8540.00,504.00,171791.00,3342.64,4.53,49.72,12.05,South Asia
MLI,Mali,2010,61.82,57.19,66.91,26.94,23.86,30.38,3659.00,385.00,0.00,13552.00,4044.00,797.15,1.38,1.11,8.31,Sub-Saharan Africa
MLI,Mali,2011,58.60,54.09,63.61,26.42,23.32,29.89,4289.00,389.00,0.00,15618.00,4678.00,938.29,1.40,2.96,8.45,Sub-Saharan Africa
MLI,Mali,2012,55.48,51.12,60.30,25.88,22.77,29.39,149930.00,1849.00,227930.00,13930.00,379709.00,872.51,1.46,5.32,12.85,Sub-Saharan Africa
MLI,Mali,2013,52.45,48.14,57.19,25.31,22.19,28.83,152812.00,6529.00,254822.00,14317.00,414163.00,901.92,1.52,-0.61,12.93,Sub-Saharan Africa
MLI,Mali,2014,49.54,45.35,54.11,24.69,21.57,28.26,139249.00,12230.00,99816.00,15193.00,251295.00,947.92,1.48,0.88,12.43,Sub-Saharan Africa
MLI,Mali,2015,46.68,42.62,51.13,24.05,20.90,27.60,154202.00,9874.00,61920.00,15913.00,225996.00,838.12,1.40,1.45,12.33,Sub-Saharan Africa
MLI,Mali,2016,43.96,40.04,48.32,23.34,20.17,27.00,156415.00,9702.00,36690.00,17510.00,202807.00,872.47,1.37,-1.80,12.22,Sub-Saharan Africa
MLI,Mali,2017,41.33,37.46,45.58,22.63,19.38,26.32,150305.00,15086.00,38172.00,17036.00,203563.00,924.06,1.50,1.76,12.22,Sub-Saharan Africa
MLI,Mali,2018,38.80,34.99,43.07,21.88,18.58,25.69,158267.00,10891.00,120298.00,26538.00,289456.00,996.38,1.62,0.30,12.58,Sub-Saharan Africa
MLI,Mali,2019,36.44,32.60,40.71,21.15,17.71,25.12,164466.00,8582.00,207751.00,26672.00,380799.00,971.95,3.29,-1.66,12.85,Sub-Saharan Africa
MLI,Mali,2020,34.13,30.26,38.48,20.43,16.75,24.57,164588.00,11131.00,332957.00,47380.00,508676.00,953.24,3.53,0.44,13.14,Sub-Saharan Africa
MLI,Mali,2021,32.04,28.02,36.53,19.73,15.73,24.14,183392.00,24287.00,350110.00,49975.00,557789.00,1027.27,4.01,3.93,13.23,Sub-Saharan Africa
MLI,Mali,2022,30.06,25.90,34.68,19.06,14.68,23.68,226720.00,12355.00,379932.00,60637.00,619007.00,976.91,2.39,9.62,13.34,Sub-Saharan Africa
MMR,Myanmar,2010,9.05,7.77,10.58,10.05,7.75,13.85,415662.00,22268.00,62015.00,0.00,499945.00,1010.53,0.72,7.72,13.12,East Asia & Pacific
MMR,Myanmar,2011,8.44,7.11,10.01,9.01,7.05,12.16,414615.00,24101.00,339200.00,0.00,777916.00,1213.63,0.75,5.02,13.56,East Asia & Pacific
MMR,Myanmar,2012,7.90,6.51,9.53,8.03,6.29,10.77,415363.00,25622.00,430400.00,0.00,871385.00,1202.67,0.77,1.47,13.68,East Asia & Pacific
MMR,Myanmar,2013,7.41,5.95,9.08,7.13,5.49,9.89,479594.00,44959.00,372000.00,0.00,896553.00,1199.10,0.78,5.64,13.71,East Asia & Pacific
MMR,Myanmar,2014,6.99,5.48,8.72,6.40,4.58,9.25,479006.00,51339.00,376500.00,0.00,906845.00,1293.00,0.76,4.95,13.72,East Asia & Pacific
MMR,Myanmar,2015,6.62,5.06,8.43,5.85,3.82,8.86,451804.00,60632.00,451089.00,0.00,963525.00,1166.73,0.77,9.45,13.78,East Asia & Pacific
MMR,Myanmar,2016,6.27,4.67,8.14,5.47,3.25,8.59,490285.00,56023.00,375016.00,0.00,921324.00,1229.20,1.06,6.93,13.73,East Asia & Pacific
MMR,Myanmar,2017,5.95,4.32,7.97,5.16,2.81,8.41,1156742.00,41088.00,353108.00,0.00,1550938.00,1272.82,1.36,4.57,14.25,East Asia & Pacific
MMR,Myanmar,2018,5.67,3.99,7.80,4.90,2.49,8.26,1145149.00,30459.00,370306.00,0.00,1545914.00,1298.21,0.77,6.87,14.25,East Asia & Pacific
MMR,Myanmar,2019,5.39,3.69,7.64,4.68,2.23,8.20,1076826.00,37457.00,312018.00,0.00,1426301.00,1425.99,0.41,8.83,14.17,East Asia & Pacific
MMR,Myanmar,2020,5.14,3.41,7.52,4.49,2.02,8.14,1103245.00,40207.00,370320.00,0.00,1513772.00,1490.22,1.48,8.83,14.23,East Asia & Pacific
MMR,Myanmar,2021,4.91,3.15,7.42,4.30,1.85,8.11,1177327.00,43878.00,671011.00,0.00,1892216.00,1242.72,4.34,8.83,14.45,East Asia & Pacific
MMR,Myanmar,2022,4.70,2.93,7.30,4.65,1.93,9.09,1253111.00,48701.00,1504848.00,0.00,2806660.00,1158.05,3.06,8.83,14.85,East Asia & Pacific
MOZ,Mozambique,2010,34.22,31.09,37.55,17.97,15.23,21.20,120.00,11.00,0.00,4072.00,131.00,496.19,3.26,12.43,4.88,Sub-Saharan Africa
MOZ,Mozambique,2011,33.30,30.19,36.64,16.88,14.17,20.09,147.00,346.00,0.00,4074.00,493.00,618.18,3.29,11.17,6.20,Sub-Saharan Africa
MOZ,Mozambique,2012,31.13,28.18,34.41,15.89,13.20,19.05,155.00,865.00,0.00,4395.00,1020.00,685.69,3.30,2.60,6.93,Sub-Saharan Africa
MOZ,Mozambique,2013,28.36,25.60,31.43,14.97,12.29,18.13,51.00,1427.00,0.00,4443.00,1478.00,686.51,3.35,4.26,7.30,Sub-Saharan Africa
MOZ,Mozambique,2014,26.10,23.45,29.12,14.12,11.46,17.30,55.00,1408.00,0.00,4534.00,1463.00,697.14,3.38,2.56,7.29,Sub-Saharan Africa
MOZ,Mozambique,2015,23.24,20.76,26.08,13.31,10.70,16.51,55.00,2193.00,0.00,5624.00,2248.00,610.56,3.43,3.55,7.72,Sub-Saharan Africa
MOZ,Mozambique,2016,21.60,19.18,24.41,12.56,9.98,15.80,48.00,5702.00,15128.00,4663.00,20878.00,441.49,3.65,17.42,9.95,Sub-Saharan Africa
MOZ,Mozambique,2017,21.73,19.16,24.73,11.86,9.27,15.14,48.00,12581.00,15128.00,4876.00,27757.00,470.94,3.94,15.11,10.23,Sub-Saharan Africa
MOZ,Mozambique,2018,20.95,18.32,24.02,11.19,8.58,14.56,57.00,8977.00,0.00,4910.00,9034.00,517.51,4.21,3.91,9.11,Sub-Saharan Africa
MOZ,Mozambique,2019,20.45,17.69,23.77,10.57,7.93,14.05,77.00,8734.00,180516.00,4713.00,189327.00,519.09,4.46,2.80,12.15,Sub-Saharan Africa
MOZ,Mozambique,2020,19.93,16.96,23.57,9.99,7.31,13.67,81.00,8674.00,668038.00,4757.00,676793.00,462.43,5.02,3.48,13.43,Sub-Saharan Africa
MOZ,Mozambique,2021,19.35,16.18,23.35,9.46,6.74,13.26,90.00,8720.00,744949.00,4797.00,753759.00,509.91,5.41,6.41,13.53,Sub-Saharan Africa
MOZ,Mozambique,2022,18.91,15.46,23.40,8.99,6.22,12.94,104.00,8581.00,1028743.00,4992.00,1037428.00,578.25,6.79,10.28,13.85,Sub-Saharan Africa
NGA,Nigeria,2010,59.50,55.29,63.84,24.45,21.94,27.06,15645.00,11912.00,0.00,8744.00,27557.00,2202.26,3.74,13.74,10.22,Sub-Saharan Africa
NGA,Nigeria,2011,57.87,53.69,62.32,23.99,21.50,26.62,17140.00,10519.00,0.00,8803.00,27659.00,2418.41,3.77,10.83,10.23,Sub-Saharan Africa
NGA,Nigeria,2012,56.43,52.25,60.92,23.61,21.11,26.28,18017.00,14159.00,0.00,3151.00,32176.00,2633.20,3.76,12.22,10.38,Sub-Saharan Africa
NGA,Nigeria,2013,55.22,51.08,59.74,23.29,20.73,25.95,31173.00,21332.00,0.00,1688.00,52505.00,2872.79,3.71,8.50,10.87,Sub-Saharan Africa
NGA,Nigeria,2014,54.24,50.03,58.80,23.00,20.47,25.72,90936.00,30075.00,1188018.00,1237.00,1309029.00,3088.72,3.90,8.05,14.08,Sub-Saharan Africa
NGA,Nigeria,2015,53.46,49.22,58.10,22.79,20.23,25.56,167973.00,51353.00,2172532.00,1387.00,2391858.00,2585.73,4.13,9.01,14.69,Sub-Saharan Africa
NGA,Nigeria,2016,52.88,48.58,57.69,22.64,20.06,25.47,229290.00,66862.00,2219272.00,1357.00,2515424.00,2070.41,4.50,15.70,14.74,Sub-Saharan Africa
NGA,Nigeria,2017,52.44,48.03,57.40,22.51,19.92,25.52,238977.00,91924.00,1704080.00,1910.00,2034981.00,1876.34,4.83,16.50,14.53,Sub-Saharan Africa
NGA,Nigeria,2018,52.09,47.57,57.24,22.44,19.72,25.66,276834.00,84624.00,2167925.00,34727.00,2529383.00,2057.88,5.07,12.10,14.74,Sub-Saharan Africa
NGA,Nigeria,2019,51.83,47.08,57.17,22.41,19.50,25.90,295578.00,112382.00,2195779.00,54157.00,2603739.00,3189.81,5.21,11.40,14.77,Sub-Saharan Africa
NGA,Nigeria,2020,51.51,46.46,57.33,22.38,19.25,26.24,352960.00,73233.00,2610278.00,66056.00,3036471.00,2797.18,5.71,13.25,14.93,Sub-Saharan Africa
NGA,Nigeria,2021,51.24,45.61,57.62,22.37,18.95,26.77,383660.00,83105.00,3084916.00,77132.00,3551681.00,2787.49,5.40,16.95,15.08,Sub-Saharan Africa
NGA,Nigeria,2022,50.86,44.65,58.08,22.37,18.59,27.48,391074.00,83402.00,3286881.00,91275.00,3761357.00,2899.16,3.83,18.85,15.14,Sub-Saharan Africa
PAK,Pakistan,2010,14.73,13.80,15.77,9.84,8.51,11.54,39979.00,19998.00,952035.00,1900619.00,1012012.00,987.30,0.65,12.94,13.83,South Asia
PAK,Pakistan,2011,14.18,13.24,15.24,9.56,8.20,11.30,35948.00,13679.00,452932.00,1702698.00,502559.00,1131.74,0.80,11.92,13.13,South Asia
PAK,Pakistan,2012,13.62,12.66,14.69,9.25,7.87,11.03,49778.00,23704.00,757996.00,1638452.00,831478.00,1204.36,3.67,9.68,13.63,South Asia
PAK,Pakistan,2013,13.06,12.10,14.14,8.93,7.53,10.77,48676.00,47543.00,747498.00,1616505.00,843717.00,1225.43,2.95,7.69,13.65,South Asia
PAK,Pakistan,2014,12.51,11.55,13.61,8.61,7.19,10.50,335947.00,44419.00,1375904.00,1505521.00,1756270.00,1266.61,1.83,7.19,14.38,South Asia
PAK,Pakistan,2015,12.00,11.00,13.14,8.29,6.86,10.22,297886.00,63955.00,1146108.00,1561157.00,1507949.00,1380.47,3.57,2.53,14.23,South Asia
PAK,Pakistan,2016,11.48,10.46,12.67,7.96,6.50,9.95,105419.00,67700.00,448956.00,1352551.00,622075.00,1424.69,2.29,3.77,13.34,South Asia
PAK,Pakistan,2017,10.98,9.88,12.23,7.64,6.14,9.74,128914.00,76885.00,174354.00,1393132.00,380153.00,1519.23,3.20,4.09,12.85,South Asia
PAK,Pakistan,2018,10.51,9.32,11.84,7.33,5.78,9.53,132248.00,75337.00,96384.00,1404008.00,303969.00,1569.34,4.08,5.08,12.62,South Asia
PAK,Pakistan,2019,10.05,8.77,11.49,7.03,5.44,9.34,136902.00,66245.00,100680.00,1419596.00,303827.00,1390.42,4.83,10.58,12.62,South Asia
PAK,Pakistan,2020,9.65,8.25,11.18,6.73,5.06,9.18,133280.00,61429.00,98898.00,1438940.00,293607.00,1278.40,5.99,9.74,12.59,South Asia
PAK,Pakistan,2021,9.23,7.75,10.89,6.45,4.69,9.04,132818.00,56687.00,98898.00,1491070.00,288403.00,1455.32,6.34,9.50,12.57,South Asia
PAK,Pakistan,2022,8.85,7.27,10.67,6.21,4.34,8.91,111805.00,59126.00,0.00,1743785.00,170931.00,1538.32,5.29,19.87,12.05,South Asia
SDN,Sudan,2010,20.22,17.65,23.00,10.58,8.24,13.63,387265.00,23699.00,1624100.00,178305.00,2035064.00,1305.64,15.17,12.98,14.53,Sub-Saharan Africa
SDN,Sudan,2011,19.23,16.62,22.09,10.17,7.74,13.32,500004.00,31447.00,2422520.00,139407.00,2953971.00,1332.66,17.44,18.10,14.90,Sub-Saharan Africa
SDN,Sudan,2012,18.29,15.62,21.28,9.78,7.22,13.10,568934.00,21521.00,1873300.00,152188.00,2463755.00,1019.22,16.97,35.56,14.72,Sub-Saharan Africa
SDN,Sudan,2013,17.40,14.68,20.51,9.44,6.74,12.95,648936.00,28378.00,1873300.00,159848.00,2550614.00,1138.63,16.27,36.52,14.75,Sub-Saharan Africa
SDN,Sudan,2014,16.58,13.80,19.83,9.12,6.29,12.90,665956.00,36027.00,2192830.00,277818.00,2894813.00,1275.44,15.41,36.91,14.88,Sub-Saharan Africa
SDN,Sudan,2015,15.82,12.95,19.26,8.83,5.89,12.83,627080.00,42909.00,3218234.00,309632.00,3888223.00,1292.38,14.39,16.91,15.17,Sub-Saharan Africa
SDN,Sudan,2016,15.13,12.13,18.82,8.53,5.53,12.88,650391.00,50469.00,2225557.00,421459.00,2926417.00,1033.22,13.66,17.75,14.89,Sub-Saharan Africa
SDN,Sudan,2017,14.46,11.32,18.51,8.25,5.19,12.88,694556.00,52191.00,1997022.00,906590.00,2743769.00,966.51,13.00,32.35,14.82,Sub-Saharan Africa
SDN,Sudan,2018,13.83,10.56,18.23,8.01,4.89,12.84,724787.00,67433.00,1864195.00,1078280.00,2656415.00,731.03,12.35,63.29,14.79,Sub-Saharan Africa
SDN,Sudan,2019,13.25,9.76,17.96,7.77,4.59,12.87,734780.00,72017.00,1885782.00,1055489.00,2692579.00,709.98,11.70,50.99,14.81,Sub-Saharan Africa
SDN,Sudan,2020,12.68,9.05,17.77,7.57,4.34,12.82,787823.00,70049.00,2552174.00,1040288.00,3410046.00,577.80,11.99,163.26,15.04,Sub-Saharan Africa
SDN,Sudan,2021,12.16,8.37,17.63,7.36,4.08,12.89,825290.00,75164.00,3036590.00,1103918.00,3937044.00,712.12,11.09,359.09,15.19,Sub-Saharan Africa
SDN,Sudan,2022,11.63,7.78,17.43,7.15,3.84,12.91,836756.00,86838.00,3552717.00,1097128.00,4476311.00,1046.24,7.53,138.81,15.31,Sub-Saharan Africa
SOM,Somalia,2010,83.58,56.72,129.49,45.14,35.24,57.96,770141.00,22811.00,1463780.00,1934.00,2256732.00,219.20,18.74,,14.63,Sub-Saharan Africa
SOM,Somalia,2011,185.95,116.08,330.68,118.23,92.30,151.78,1077038.00,31238.00,1356845.00,2100.00,2465121.00,235.33,18.76,,14.72,Sub-Saharan Africa
SOM,Somalia,2012,82.38,52.06,140.38,46.38,36.21,59.54,1136709.00,33680.00,1132963.00,2307.00,2303352.00,350.26,18.77,,14.65,Sub-Saharan Africa
SOM,Somalia,2013,60.10,36.73,104.81,31.32,24.45,40.21,1121760.00,35665.00,1133000.00,2426.00,2290425.00,393.40,18.66,,14.64,Sub-Saharan Africa
SOM,Somalia,2014,57.58,33.75,104.24,30.36,23.70,38.98,1106430.00,49063.00,1133000.00,2732.00,2288493.00,429.43,18.59,,14.64,Sub-Saharan Africa
SOM,Somalia,2015,55.25,31.42,103.56,29.46,23.00,37.82,1123144.00,56664.00,1133000.00,8081.00,2312808.00,445.58,18.50,,14.65,Sub-Saharan Africa
SOM,Somalia,2016,53.02,29.26,102.93,28.60,22.33,36.72,1012320.00,60491.00,1562554.00,11579.00,2635365.00,460.93,18.61,,14.78,Sub-Saharan Africa
SOM,Somalia,2017,66.38,35.32,135.47,39.10,30.53,50.20,986386.00,58320.00,2116705.00,14565.00,3161411.00,510.94,18.45,,14.97,Sub-Saharan Africa
SOM,Somalia,2018,56.02,29.00,117.51,32.22,25.15,41.36,949637.00,55852.00,2648001.00,16738.00,3653490.00,509.50,18.70,,15.11,Sub-Saharan Africa
SOM,Somalia,2019,46.89,23.61,100.48,26.12,20.39,33.54,901596.00,53083.00,2648000.00,17882.00,3602679.00,539.95,18.83,,15.10,Sub-Saharan Africa
SOM,Somalia,2020,45.06,21.98,99.52,25.35,19.79,32.55,812356.00,53824.00,2967500.00,11220.00,3833680.00,518.16,19.41,,15.16,Sub-Saharan Africa
SOM,Somalia,2021,43.13,20.49,97.11,24.57,19.18,31.55,776678.00,59605.00,2967500.00,13804.00,3803783.00,549.06,19.66,,15.15,Sub-Saharan Africa
SOM,Somalia,2022,59.09,27.16,140.07,37.15,29.01,47.70,790513.00,56893.00,2967500.00,16023.00,3814906.00,573.14,19.11,,15.15,Sub-Saharan Africa
SRB,Serbia,2010,1.03,1.00,1.07,1.46,1.38,1.55,183284.00,16183.00,228442.00,73604.00,427909.00,5970.93,19.20,6.14,12.97,Europe & Central Asia
SRB,Serbia,2011,1.01,0.97,1.05,1.41,1.33,1.50,161664.00,15401.00,228215.00,70702.00,405280.00,7082.29,22.96,11.14,12.91,Europe & Central Asia
SRB,Serbia,2012,0.98,0.94,1.02,1.37,1.29,1.46,158903.00,16644.00,227821.00,66367.00,403368.00,6263.04,24.00,7.33,12.91,Europe & Central Asia
SRB,Serbia,2013,0.95,0.91,0.99,1.34,1.26,1.42,48725.00,22625.00,227495.00,57079.00,298845.00,7040.42,22.15,7.69,12.61,Europe & Central Asia
SRB,Serbia,2014,0.91,0.88,0.95,1.30,1.22,1.39,45730.00,45573.00,223139.00,43749.00,314442.00,6886.68,19.22,2.08,12.66,Europe & Central Asia
SRB,Serbia,2015,0.88,0.85,0.92,1.28,1.19,1.36,38620.00,53292.00,220002.00,35326.00,311914.00,5820.32,17.66,1.39,12.65,Europe & Central Asia
SRB,Serbia,2016,0.86,0.83,0.90,1.25,1.17,1.33,36928.00,21699.00,219633.00,36517.00,278260.00,5982.37,15.26,1.12,12.54,Europe & Central Asia
SRB,Serbia,2017,0.84,0.81,0.88,1.24,1.15,1.32,33246.00,12807.00,217453.00,32205.00,263506.00,6548.04,13.48,3.13,12.48,Europe & Central Asia
SRB,Serbia,2018,0.83,0.80,0.87,1.23,1.14,1.31,32368.00,9702.00,215794.00,30944.00,257864.00,7559.86,12.73,1.96,12.46,Europe & Central Asia
SRB,Serbia,2019,0.82,0.79,0.86,1.22,1.14,1.30,31251.00,7463.00,214696.00,26427.00,253410.00,7755.63,10.39,1.85,12.44,Europe & Central Asia
SRB,Serbia,2020,0.81,0.78,0.85,1.23,1.14,1.31,29976.00,7105.00,213018.00,26085.00,250099.00,8098.71,9.01,1.58,12.43,Europe & Central Asia
SRB,Serbia,2021,0.80,0.77,0.84,1.24,1.16,1.33,31735.00,6708.00,211823.00,25644.00,250266.00,9680.53,9.84,4.09,12.43,Europe & Central Asia
SRB,Serbia,2022,0.80,0.77,0.84,1.26,1.17,1.36,30599.00,6668.00,210308.00,26521.00,247575.00,10024.82,8.44,11.98,12.42,Europe & Central Asia
SSD,South Sudan,2010,31.27,21.36,44.37,23.78,18.47,30.49,,,,,,1498.27,12.47,1.17,,Sub-Saharan Africa
SSD,South Sudan,2011,29.08,18.79,43.10,22.76,17.68,29.18,0.00,5.00,560161.00,105023.00,560166.00,1448.98,12.59,46.85,13.24,Sub-Saharan Africa
SSD,South Sudan,2012,27.66,16.86,42.71,22.03,17.11,28.25,87007.00,18676.00,345670.00,202581.00,451353.00,1109.26,12.80,45.53,13.02,Sub-Saharan Africa
SSD,South Sudan,2013,26.87,15.45,43.77,21.66,16.83,27.78,114468.00,30675.00,331097.00,229587.00,476240.00,1650.19,12.66,-0.06,13.07,Sub-Saharan Africa
SSD,South Sudan,2014,73.01,38.51,129.90,56.44,43.84,72.37,616206.00,3766.00,1645392.00,248152.00,2265364.00,1242.73,12.56,1.67,14.63,Sub-Saharan Africa
SSD,South Sudan,2015,105.60,50.79,204.63,80.97,62.89,103.82,778722.00,4104.00,1790427.00,263012.00,2573253.00,1080.15,12.46,52.77,14.76,Sub-Saharan Africa
SSD,South Sudan,2016,124.46,54.76,264.57,95.20,73.94,122.06,1436707.00,5792.00,1853924.00,262558.00,3296423.00,1080.15,12.85,380.00,15.01,Sub-Saharan Africa
SSD,South Sudan,2017,135.35,54.08,312.93,103.53,80.42,132.75,2439888.00,6452.00,1903953.00,283405.00,4350293.00,1080.15,12.98,187.85,15.29,Sub-Saharan Africa
SSD,South Sudan,2018,45.56,17.96,100.44,39.68,30.82,50.88,2285301.00,12701.00,1878154.00,291838.00,4176156.00,1080.15,12.85,83.50,15.24,Sub-Saharan Africa
SSD,South Sudan,2019,27.36,10.11,63.68,21.57,16.75,27.65,2234805.00,5616.00,1665815.00,298309.00,3906236.00,1080.15,12.66,87.24,15.18,Sub-Saharan Africa
SSD,South Sudan,2020,27.15,9.26,68.05,21.57,16.75,27.65,2188785.00,4858.00,1600254.00,314438.00,3793897.00,1080.15,14.25,29.68,15.15,Sub-Saharan Africa
SSD,South Sudan,2021,26.99,8.49,73.16,21.57,16.75,27.65,2362759.00,5037.00,2017236.00,333673.00,4385032.00,1080.15,13.95,10.52,15.29,Sub-Saharan Africa
SSD,South Sudan,2022,26.92,7.72,78.83,21.57,16.75,27.65,2294983.00,5228.00,1474679.00,308369.00,3774890.00,1080.15,12.47,-6.69,15.14,Sub-Saharan Africa
SYR,Syrian Arab Republic,2010,1.30,1.06,1.54,4.34,4.21,4.48,18451.00,9739.00,0.00,1005471.00,28190.00,2730.61,8.61,4.40,10.25,Middle East & North Africa
SYR,Syrian Arab Republic,2011,2.94,2.32,3.51,5.77,5.49,6.06,19931.00,14441.00,0.00,755435.00,34372.00,2952.14,8.63,4.75,10.45,Middle East & North Africa
SYR,Syrian Arab Republic,2012,10.63,8.05,12.76,11.89,11.01,12.85,729011.00,26016.00,2016500.00,476496.00,2771527.00,1897.66,13.80,36.70,14.83,Middle East & North Africa
SYR,Syrian Arab Republic,2013,12.16,8.78,14.69,13.14,11.73,14.76,2468323.00,41019.00,6520800.00,149286.00,9030142.00,985.89,14.50,40.03,16.02,Middle East & North Africa
SYR,Syrian Arab Republic,2014,11.13,7.66,13.51,12.34,10.56,14.48,3887490.00,79649.00,7632500.00,149135.00,11599639.00,1060.59,14.78,10.93,16.27,Middle East & North Africa
SYR,Syrian Arab Republic,2015,11.95,7.79,14.64,12.99,10.62,15.94,4873236.00,245857.00,6563462.00,21112.00,11682555.00,847.73,14.24,38.46,16.27,Middle East & North Africa
SYR,Syrian Arab Republic,2016,8.63,5.34,10.72,10.35,8.08,13.31,5524511.00,184337.00,6325978.00,19807.00,12034826.00,656.35,13.80,47.71,16.30,Middle East & North Africa
SYR,Syrian Arab Republic,2017,8.86,5.20,11.18,10.47,7.83,14.04,6310498.00,147179.00,6150005.00,19425.00,12607682.00,851.50,13.60,18.08,16.35,Middle East & North Africa
SYR,Syrian Arab Republic,2018,8.45,4.74,10.94,10.08,7.18,14.11,6654374.00,139576.00,6183920.00,18817.00,12977870.00,1098.07,13.51,0.94,16.38,Middle East & North Africa
SYR,Syrian Arab Republic,2019,3.50,1.89,4.66,6.14,4.18,8.93,6615249.00,118450.00,6146994.00,16213.00,12880693.00,1109.54,13.37,13.42,16.37,Middle East & North Africa
SYR,Syrian Arab Republic,2020,1.91,1.00,2.63,4.83,3.16,7.33,6702910.00,107085.00,6701972.00,15304.00,13511967.00,572.36,15.18,13.42,16.42,Middle East & North Africa
SYR,Syrian Arab Republic,2021,1.21,0.62,1.72,4.22,2.66,6.66,6848865.00,139754.00,6865308.00,14308.00,13853927.00,663.61,14.89,13.42,16.44,Middle East & North Africa
SYR,Syrian Arab Republic,2022,1.59,0.80,2.34,4.45,2.70,7.35,6547818.00,156616.00,6780994.00,13121.00,13485428.00,1051.67,13.24,13.42,16.42,Middle East & North Africa
TCD,Chad,2010,70.53,62.13,79.90,29.33,25.48,33.56,53713.00,2664.00,131000.00,347931.00,187377.00,1141.80,0.91,-2.08,12.14,Sub-Saharan Africa
TCD,Chad,2011,68.54,59.88,78.17,28.60,24.75,32.85,42619.00,3122.00,124000.00,366491.00,169741.00,1308.14,0.92,2.03,12.04,Sub-Saharan Africa
TCD,Chad,2012,66.61,57.62,76.78,27.88,23.99,32.29,39674.00,3758.00,90000.00,373690.00,133432.00,1354.34,0.89,7.52,11.80,Sub-Saharan Africa
TCD,Chad,2013,64.81,55.31,75.52,27.17,23.23,31.70,48618.00,3844.00,19791.00,434476.00,72253.00,1304.89,0.95,0.22,11.19,Sub-Saharan Africa
TCD,Chad,2014,62.97,53.02,74.24,26.48,22.48,31.20,48236.00,3296.00,0.00,452897.00,51532.00,1278.79,0.98,1.68,10.85,Sub-Saharan Africa
TCD,Chad,2015,61.04,50.60,72.97,25.83,21.69,30.75,14921.00,3267.00,51999.00,369538.00,70187.00,993.99,1.03,4.38,11.16,Sub-Saharan Africa
TCD,Chad,2016,58.95,48.13,71.72,25.19,20.90,30.37,14176.00,3178.00,124342.00,391235.00,141696.00,861.83,1.09,-0.79,11.86,Sub-Saharan Africa
TCD,Chad,2017,56.92,45.24,70.91,24.52,20.06,30.06,16325.00,3105.00,99983.00,411475.00,119413.00,854.46,1.13,-1.54,11.69,Sub-Saharan Africa
TCD,Chad,2018,54.79,42.24,70.16,23.88,19.26,29.69,10895.00,4401.00,165314.00,451203.00,180610.00,948.66,1.14,4.27,12.10,Sub-Saharan Africa
TCD,Chad,2019,52.76,39.61,69.52,23.25,18.43,29.42,11163.00,5335.00,170278.00,442670.00,186776.00,893.34,1.08,-0.97,12.14,Sub-Saharan Africa
TCD,Chad,2020,50.85,36.93,69.31,22.65,17.62,29.19,10388.00,6224.00,336124.00,478649.00,352736.00,866.95,1.70,4.46,12.77,Sub-Saharan Africa
TCD,Chad,2021,48.96,34.27,69.19,22.00,16.82,28.95,11771.00,7572.00,406573.00,555782.00,425916.00,946.36,1.53,-0.77,12.96,Sub-Saharan Africa
TCD,Chad,2022,47.06,32.04,69.23,21.42,15.96,28.85,12810.00,7091.00,381289.00,592764.00,401190.00,966.04,1.08,5.79,12.90,Sub-Saharan Africa
UKR,Ukraine,2010,0.30,0.29,0.31,2.67,2.61,2.73,25102.00,1250.00,0.00,3016.00,26352.00,3039.63,8.10,9.37,10.18,Europe & Central Asia
UKR,Ukraine,2011,0.28,0.27,0.29,2.52,2.47,2.58,25372.00,1039.00,0.00,3168.00,26411.00,3656.70,7.85,7.96,10.18,Europe & Central Asia
UKR,Ukraine,2012,0.27,0.26,0.28,2.39,2.34,2.44,25248.00,1209.00,0.00,2790.00,26457.00,3951.34,7.53,0.57,10.18,Europe & Central Asia
UKR,Ukraine,2013,0.25,0.25,0.26,2.26,2.22,2.31,5154.00,1631.00,0.00,2956.00,6785.00,4129.90,7.17,-0.24,8.82,Europe & Central Asia
UKR,Ukraine,2014,0.24,0.23,0.25,2.15,2.10,2.19,237617.00,15085.00,823000.00,3206.00,1075702.00,3054.91,9.27,12.07,13.89,Europe & Central Asia
UKR,Ukraine,2015,0.23,0.22,0.24,2.04,1.99,2.09,321399.00,22350.00,1600000.00,3261.00,1943749.00,2094.47,9.14,48.70,14.48,Europe & Central Asia
UKR,Ukraine,2016,0.22,0.21,0.22,1.94,1.90,1.99,239062.00,34638.00,1800000.00,3292.00,2073700.00,2158.46,9.35,13.91,14.54,Europe & Central Asia
UKR,Ukraine,2017,0.21,0.20,0.22,1.86,1.82,1.91,139581.00,37670.00,1800000.00,3241.00,1977251.00,2604.29,9.50,14.44,14.50,Europe & Central Asia
UKR,Ukraine,2018,0.20,0.20,0.21,1.79,1.75,1.84,93248.00,31965.00,1500002.00,2606.00,1625215.00,3059.05,8.80,10.95,14.30,Europe & Central Asia
UKR,Ukraine,2019,0.19,0.19,0.20,1.74,1.70,1.79,59844.00,27991.00,734000.00,2166.00,821835.00,3619.86,8.19,7.89,13.62,Europe & Central Asia
UKR,Ukraine,2020,0.19,0.18,0.20,1.70,1.65,1.76,35156.00,21426.00,734000.00,2249.00,790582.00,3709.77,9.47,2.73,13.58,Europe & Central Asia
UKR,Ukraine,2021,0.18,0.18,0.19,1.67,1.60,1.74,27562.00,19426.00,854000.00,2382.00,900988.00,4775.95,9.83,9.36,13.71,Europe & Central Asia
UKR,Ukraine,2022,0.53,0.49,0.57,2.67,2.51,2.84,5679880.00,34637.00,5914000.00,2520.00,11628517.00,4199.67,9.83,20.18,16.27,Europe & Central Asia
VEN,Venezuela (Bolivarian Republic of),2010,2.68,2.62,2.73,3.41,3.34,3.48,6697.00,626.00,0.00,201544.00,7323.00,13646.30,7.11,28.19,8.90,Latin America & Caribbean
VEN,Venezuela (Bolivarian Republic of),2011,2.62,2.57,2.67,3.32,3.26,3.39,7575.00,570.00,0.00,202013.00,8145.00,10843.92,6.90,26.09,9.01,Latin America & Caribbean
VEN,Venezuela (Bolivarian Republic of),2012,2.57,2.52,2.63,3.27,3.21,3.33,8204.00,496.00,0.00,203635.00,8700.00,12607.24,6.60,21.07,9.07,Latin America & Caribbean
VEN,Venezuela (Bolivarian Republic of),2013,2.54,2.48,2.60,3.24,3.17,3.31,8396.00,1154.00,0.00,204331.00,9550.00,8656.36,7.54,40.64,9.16,Latin America & Caribbean
VEN,Venezuela (Bolivarian Republic of),2014,2.51,2.43,2.60,3.24,3.14,3.34,8009.00,4822.00,0.00,173591.00,12831.00,7096.22,6.82,62.17,9.46,Latin America & Caribbean
VEN,Venezuela (Bolivarian Republic of),2015,2.61,2.48,2.76,3.25,3.09,3.42,7455.00,15087.00,0.00,173745.00,22542.00,4103.14,6.14,121.74,10.02,Latin America & Caribbean
VEN,Venezuela (Bolivarian Republic of),2016,3.10,2.86,3.37,3.26,3.01,3.53,7543.00,45074.00,0.00,172047.00,52617.00,3670.16,5.32,254.95,10.87,Latin America & Caribbean
VEN,Venezuela (Bolivarian Republic of),2017,3.09,2.75,3.49,3.74,3.34,4.18,9272.00,148096.00,0.00,122804.00,157368.00,3791.33,5.04,254.95,11.97,Latin America & Caribbean
VEN,Venezuela (Bolivarian Republic of),2018,3.11,2.65,3.65,3.75,3.23,4.35,21047.00,464223.00,0.00,67283.00,485270.00,3422.65,5.47,254.95,13.09,Latin America & Caribbean
VEN,Venezuela (Bolivarian Republic of),2019,3.11,2.53,3.83,3.27,2.70,3.94,93239.00,794491.00,0.00,67749.00,887730.00,2523.11,5.89,254.95,13.70,Latin America & Caribbean
VEN,Venezuela (Bolivarian Republic of),2020,3.10,2.40,4.02,3.26,2.58,4.11,171112.00,851265.00,0.00,68089.00,1022377.00,1506.04,7.53,254.95,13.84,Latin America & Caribbean
VEN,Venezuela (Bolivarian Republic of),2021,3.09,2.28,4.22,3.26,2.46,4.32,199202.00,971106.00,0.00,39328.00,1170308.00,2004.93,7.03,254.95,13.97,Latin America & Caribbean
VEN,Venezuela (Bolivarian Republic of),2022,3.11,2.17,4.49,3.26,2.34,4.55,234376.00,1137162.00,0.00,29341.00,1371538.00,3155.04,5.65,254.95,14.13,Latin America & Caribbean
YEM,Yemen,2010,8.70,7.78,9.78,8.70,7.00,10.44,2070.00,614.00,220994.00,190088.00,223678.00,1155.20,12.78,11.17,12.32,Middle East & North Africa
YEM,Yemen,2011,8.29,7.38,9.33,8.66,6.99,10.39,2321.00,1152.00,347295.00,214736.00,350768.00,1186.48,13.31,19.54,12.77,Middle East & North Africa
YEM,Yemen,2012,7.97,7.07,9.01,8.65,7.02,10.41,2582.00,1581.00,385320.00,237176.00,389483.00,1245.05,13.47,9.89,12.87,Middle East & North Africa
YEM,Yemen,2013,7.33,6.48,8.33,8.40,6.85,10.13,2413.00,1868.00,306614.00,241281.00,310895.00,1378.75,13.67,10.97,12.65,Middle East & North Africa
YEM,Yemen,2014,7.19,6.32,8.22,8.53,6.96,10.35,2623.00,2716.00,334093.00,257637.00,339432.00,1430.16,13.47,8.10,12.74,Middle East & North Africa
YEM,Yemen,2015,8.02,7.01,9.23,9.40,7.61,11.49,15901.00,10056.00,2532032.00,267163.00,2557989.00,1362.17,17.90,8.10,14.75,Middle East & North Africa
YEM,Yemen,2016,7.55,6.55,8.73,9.28,7.44,11.48,18427.00,15870.00,2025060.00,269778.00,2059357.00,975.36,18.42,8.10,14.54,Middle East & North Africa
YEM,Yemen,2017,7.65,6.59,8.93,9.69,7.64,12.14,23555.00,24629.00,2014062.00,270913.00,2062246.00,811.17,18.61,8.10,14.54,Middle East & North Africa
YEM,Yemen,2018,7.84,6.70,9.22,10.03,7.70,12.85,31145.00,35876.00,2144719.00,264359.00,2211740.00,633.89,17.59,8.10,14.61,Middle East & North Africa
YEM,Yemen,2019,7.46,6.32,8.87,10.03,7.45,13.21,36522.00,34328.00,3625716.00,268503.00,3696566.00,633.89,17.21,8.10,15.12,Middle East & North Africa
YEM,Yemen,2020,6.06,5.06,7.31,9.18,6.60,12.59,32433.00,34870.00,4002012.00,166906.00,4069315.00,633.89,17.96,8.10,15.22,Middle East & North Africa
YEM,Yemen,2021,5.92,4.87,7.28,9.30,6.48,13.30,37615.00,35462.00,4288739.00,89467.00,4361816.00,633.89,18.31,8.10,15.29,Middle East & North Africa
YEM,Yemen,2022,5.33,4.29,6.68,9.00,6.07,13.47,38627.00,33524.00,4523022.00,77458.00,4595173.00,633.89,17.22,8.10,15.34,Middle East & North Africa
